{"mean": [0.25918374693181967, 0.44518427587481607, 0.7703403577033139, 0.5685190766546653, 0.3659977450529497, 0.3794944375727677, 0.39515082117273986, 0.4360987802218104, 0.8485596477759787, 0.4919029050732815], "scale": [0.036985588894259, 0.05082772454443183, 0.08755881526305632, 0.10707122761862485, 0.05007967774018448, 0.05032916556521546, 0.04178322926089811, 0.07835283350217093, 0.013692662415357144, 0.28444618055951965]}