{"mean": [0.26115229960062486, 0.4483696379753361, 0.7764697300866591, 0.5738409698500792, 0.4996759726229558], "scale": [0.02782745462658261, 0.039916945100228016, 0.06905044793139795, 0.08581716125114726, 0.2435920446015797]}