{"mean": [0.259281967363731, 0.44565706925439025, 0.7717024029070477, 0.5691531974861295, 0.3661636379583648, 0.379857165700815, 0.39445363056487737, 0.43332553956662123, 0.8482931201175141, 0.49715406110763455], "scale": [0.032476599458108775, 0.04662770039692451, 0.08063177273269102, 0.09975848584001064, 0.04426391047542332, 0.04565726383664949, 0.03750473916226153, 0.0746470108079067, 0.013096844768230627, 0.2710488619683]}