{"mean": [0.2604728489844744, 0.44712653317794143, 0.7737074519702649, 0.5724824077218228, 0.36793468231875726, 0.3815054129267189, 0.39350680729819215, 0.43401411402223355, 0.848507414193932, 0.4842255450203818], "scale": [0.03549160250666566, 0.04841126575073794, 0.08344712442286191, 0.10268690247767001, 0.04772074018614897, 0.047781669841972844, 0.03977801289777326, 0.07585181026306614, 0.01346145697979838, 0.28020574287716576]}