{"mean": [0.259049780463288, 0.4453030940525142, 0.7710702532471937, 0.5685407043350926, 0.3658400199860067, 0.3795130321077178, 0.394751802137427, 0.4340521551013515, 0.8483190255173375, 0.4971479683864009], "scale": [0.033157852404669015, 0.04757923234835548, 0.08226218827103661, 0.10163217412048059, 0.045325187457491915, 0.04670521687106101, 0.03837953201650795, 0.07550871153166555, 0.013123452978826578, 0.27415847360622975]}