{"mean": [0.25858495197419235, 0.444561094358045, 0.7697003661037812, 0.5672506934203517, 0.3651690824508801, 0.3787843829846275, 0.3954138704914972, 0.43569952136025203, 0.8484139772354219, 0.497136240827334], "scale": [0.03482949054966317, 0.049720299344394, 0.08589154545737442, 0.10567254509536878, 0.047795177434393314, 0.04905129869249838, 0.040366580156742035, 0.07765486574739497, 0.013276680110678785, 0.28061541912340515]}