{"mean": [0.26115229960062486, 0.4483696379753361, 0.7764697300866591, 0.5738409698500792, 0.3684513748544803, 0.3822720703475564, 0.39239624755794306, 0.42763664369967563, 0.8485314950820594, 0.4996759726229558], "scale": [0.02782745462658261, 0.039916945100228016, 0.06905044793139795, 0.08581716125114726, 0.036799374420173836, 0.03820285449428056, 0.03130058955839873, 0.06946643240475323, 0.013023390728756528, 0.2435920446015797]}